fecha,pedido_id,cliente_id,pais,canal,categoria,cantidad,precio_unitario,total,updated_at
2025-11-05,1001,C001,CO,online,electrónica,1,1200.00,1200.00,2025-11-05T23:45:10Z
2025-11-05,1002,C002,CO,tienda,moda,3,25.50,76.50,2025-11-05T23:59:00Z
2025-11-05,1003,C003,PE,online,moda,2,35.00,70.00,2025-11-05T23:40:00Z
2025-11-06,1004,C004,MX,online,alimentos,5,4.20,21.00,2025-11-06T00:10:00Z
2025-11-06,1005,C005,MX,tienda,alimentos,8,3.95,31.60,2025-11-06T00:12:30Z
2025-11-06,1006,C006,AR,online,electrónica,1,799.00,799.00,2025-11-06T01:02:00Z
2025-11-06,1007,C007,AR,online,moda,4,19.90,79.60,2025-11-06T01:15:00Z
2025-11-06,1008,C008,CL,tienda,alimentos,10,2.50,25.00,2025-11-06T01:25:00Z
2025-11-06,1009,C009,CL,online,electrónica,2,349.00,698.00,2025-11-06T02:00:00Z
2025-11-06,1010,C010,CO,tienda,moda,1,45.00,45.00,2025-11-06T02:10:00Z
2025-11-06,1011,C011,CO,online,moda,,39.00,,2025-11-06T02:15:00Z
2025-11-06,1012,,CO,online,alimentos,6,3.20,19.20,2025-11-06T02:20:00Z
