order_id,order_ts,customer_id,channel,region,product_category,quantity,unit_price,currency,order_amount,status
1,2025-10-01T08:03:12Z,C001,web,NA,electronics,1,799.00,USD,799.00,completed
2,2025-10-01T08:05:45Z,C002,store,EU,home,2,35.50,EUR,71.00,completed
3,2025-10-01T08:07:11Z,C003,web,NA,books,3,12.99,USD,38.97,completed
4,2025-10-01T08:07:11Z,C003,web,NA,books,3,12.99,USD,40.00,completed  
5,2025-10-01T08:10:04Z,C004,mobile,NA,sports,1,120.00,USD,120.00,returned
6,2025-10-01T08:12:55Z,C005,web,SA,electronics,2,199.00,USD,398.00,completed
7,2025-10-01T08:15:33Z,C006,store,NA,grocery,10,3.49,USD,34.90,completed
8,2025-10-01T08:17:07Z,C007,web,EU,fashion,1,59.00,EUR,59.00,cancelled
9,2025-10-01T08:18:42Z,C008,web,NA,electronics,1,1499.00,USD,1499.00,completed
10,2025-10-01T08:20:18Z,C009,mobile,NA,health,5,22.00,USD,110.00,completed
11,2025-10-01T08:22:01Z,C010,web,EU,fashion,2,45.00,EUR,90.00,completed
12,2025-10-01T08:24:44Z,C011,store,NA,grocery,6,5.49,USD,32.94,completed
13,2025-10-01T08:26:10Z,C012,web,NA,books,1,14.99,USD,14.99,completed
14,2025-10-01T08:27:52Z,C013,web,NA,electronics,1,249.00,USD,249.00,completed
15,2025-10-01T08:29:33Z,C014,mobile,NA,fashion,3,39.00,USD,117.00,completed
16,2025-10-01T08:30:05Z,C014,mobile,NA,fashion,3,39.00,USD,117.00,completed
17,2025-10-01T08:31:21Z,C015,web,EU,home,1,80.00,EUR,80.00,completed
18,2025-10-01T08:33:49Z,C016,web,NA,sports,2,85.00,USD,170.00,completed
19,2025-10-01T08:34:55Z,C017,store,NA,grocery,8,2.99,USD,23.92,completed
20,2025-10-01T08:36:10Z,C018,mobile,NA,health,1,18.00,USD,18.00,completed
21,2025-10-01T08:37:45Z,C019,web,EU,fashion,1,70.00,EUR,70.00,returned
22,2025-10-01T08:39:30Z,C020,web,NA,books,4,9.99,USD,39.96,completed
23,2025-10-01T08:41:01Z,C021,web,NA,electronics,1,0.00,USD,0.00,completed
24,2025-10-01T08:42:22Z,C022,web,NA,electronics,1,-199.00,USD,-199.00,completed
25,2025-10-01T08:43:57Z,C023,store,NA,grocery,5,4.49,USD,22.45,completed
