event_id,event_ts,customer_id,session_id,event_type,channel,device,product_category,metadata
E1,2025-10-01T08:03:12Z,C001,S1,view,web,desktop,electronics,{"page":"/prod/phone"}
E2,2025-10-01T08:03:18Z,C001,S1,click,web,desktop,electronics,{"button":"add_to_cart"}
E3,2025-10-01T08:03:20Z,C001,S1,cart_add,web,desktop,electronics,{"sku":"PHN-001"}
E4,2025-10-01T08:03:25Z,C001,S1,checkout,web,desktop,electronics,{"payment":"card"}
E5,2025-10-01T08:05:45Z,C002,S2,view,mobile,ios,sports,{"page":"/prod/shoes"}
E6,2025-10-01T08:05:40Z,C002,S2,click,mobile,ios,sports,{"button":"size_chart"}
E7,2025-10-01T08:07:11Z,C003,S3,view,web,desktop,books,{"page":"/prod/book-123"}
E8,2025-10-01T08:07:11Z,C003,S3,view,web,desktop,books,{"page":"/prod/book-123"}
E9,2025-10-01T08:10:04Z,C004,S4,view,mobile,android,sports,{"page":"/prod/racket"}
E10,2025-10-01T08:12:55Z,C005,S5,view,web,desktop,electronics,{"page":"/prod/laptop"}
E11,2025-10-01T08:12:56Z,C005,S5,click,web,desktop,electronics,{"button":"specs_tab"}
E12,2025-10-01T08:15:33Z,C006,S6,view,web,tablet,grocery,{"page":"/prod/coffee"}
E13,2025-10-01T08:17:07Z,C007,S7,view,web,desktop,fashion,{"page":"/prod/jacket"}
E14,2025-10-01T08:17:08Z,C007,S7,click,web,desktop,fashion,{"button":"size_M"}
E15,2025-10-01T08:17:08Z,C007,S7,click,web,desktop,fashion,{"button":"size_M"}
E16,2025-10-01T08:18:42Z,C008,S8,view,mobile,android,electronics,{"page":"/prod/tv"}
E17,2025-10-01T08:18:50Z,C008,S8,scroll,mobile,android,electronics,{"percent":70}
E18,2025-10-01T08:20:18Z,C009,S9,view,mobile,ios,health,{"page":"/prod/vitamins"}
E19,2025-10-01T08:22:01Z,C010,S10,view,web,desktop,fashion,{"page":"/prod/shirt"}
E20,2025-10-01T08:24:44Z,C011,S11,view,store,terminal,grocery,{"page":"/scan/item"}
